context_size,cache_hit_rate,model,input_tokens_per_sec,output_tokens_per_sec,avg_ttft,median_ttft,p95_ttft,p99_ttft,avg_ttlt,median_ttlt,p95_ttlt,p99_ttlt,avg_output_tokens,avg_itl,median_itl,p95_itl,p99_itl,peak_concurrency,total_requests,test_duration
8000,50,Qwen/Qwen3-Coder-30B-A3B-Instruct-FP8,26321.853196761178,770.1596278614037,0.782745825865912,0.7808680136998495,1.291209081808726,1.325008310476939,4.919249046278894,4.923646529515584,5.169806917508443,5.189406034946441,76.95707232853097,0.016221581256521466,0.016244399625491433,0.019145623515633935,0.0196724278568442,42,96,30.496536016464233
