context_size,cache_hit_rate,model,input_tokens_per_sec,output_tokens_per_sec,avg_ttft,median_ttft,p95_ttft,p99_ttft,avg_ttlt,median_ttlt,p95_ttlt,p99_ttlt,avg_output_tokens,avg_itl,median_itl,p95_itl,p99_itl,peak_concurrency,total_requests,test_duration
8000,50,Qwen/Qwen3-Coder-30B-A3B-Instruct-FP8,20992.14725435563,671.7487121393801,0.4575847387313843,0.48272672295570374,0.6460177153348923,0.6556354707479477,3.6564276218414307,3.6496029794216156,3.778236490488052,3.7818801176548003,80.4072555533339,0.012544481894549203,0.012429912066927142,0.014222189748988432,0.014269860894072289,10,120,45.814738750457764
